#  PASS-2 RECEIPTS, keyed to the SHA of the commit that was reviewed.
#
#  A round owes a pass-2 review of its own diff.  R6 and R7 both shipped without one --
#  the second time one round after the first was caught, written down and corrected --
#  which is why this is a tracked file checked mechanically rather than a habit.
#
#  A receipt says a review was CONVENED and recorded against the commit it reviewed.
#  It says NOTHING about whether the review was any good; nothing mechanical can.
#
#  sha	date	panel-dir	seats-answering	verdict
2458cfb	2026-08-15	panel_20260815_213211	codex+opus	SHIP-WITH-FIX: 3 defects in the fix (1 KB granule, #244 zero-fill, offset+len wrap)
35302f2	2026-08-15	panel_20260815_230954	8of9 (minimax HTTP500)	SHIP-WITH-FIX: 3 mutants survived 15 rows, 4 records false
66b0367	2026-08-16	panel_20260816_003524	9of9	SHIP-WITH-FIX: fold CONFIRMED correct; 11 of 21 mutants survived the 15 rows
12ea008	2026-08-16	panel_20260816_003524	9of9	SHIP-WITH-FIX: applied -- 8 rows added, census 12/12, two false records corrected
